{"mean_reward": 280.63428379999993, "std_reward": 17.291233310261138, "is_deterministic": true, "n_eval_episodes": 10, "eval_datetime": "2024-09-08T05:17:03.248533"}